{
  "arrival_garrison_g10_p3_t5": 25,
  "fleet_speed_1": 1.0,
  "fleet_speed_1000": 6.0,
  "fleet_speed_500": 5.266632225007871,
  "planet_radius_1": 1.0,
  "planet_radius_5": 2.6094379124341005
}
